<?xml version="1.0" encoding="UTF-8"?>
<beans>
<bean id="fooTarget" class="assignment.FooImpl"/>
    <bean id="myAdvice" class="assignment.PrintBeforeAdvice"/>
    <bean id="foo" class="assignment.ProxyFactoryBean">
     <property name="proxyInterfaces">
       <value>FooInterface</value>
     </property>
     <property name="target">
       <ref local="fooTarget"/>
     </property>
     <property name="interceptorNames">
       <list>
         <value>myAdvice</value>
       </list>
     </property>
    </bean>
  </beans>